Enter password: *****
Welcome to the MySQL monitor.  Commands end with ; or \g.
Your MySQL connection id is 39
Server version: 5.5.62 MySQL Community Server (GPL)

Copyright (c) 2000, 2018, Oracle and/or its affiliates. All rights reserved.

Oracle is a registered trademark of Oracle Corporation and/or its
affiliates. Other names may be trademarks of their respective
owners.

Type 'help;' or '\h' for help. Type '\c' to clear the current input statement.

mysql> use simats;
Database changed
mysql> select*from mentees;
+---------+---------+------+------------+------------+-------+---------+
| Regno   | Name    | Dept | Adress     | Fathername | Marks | subject |
+---------+---------+------+------------+------------+-------+---------+
| 1971631 | harini  | BBA  | chennai    | trinadh    |    95 | BIOEVS  |
|  134567 | meghana | CSE  | guntur     | rahul      |    95 | NULL    |
| 1524631 | harika  | ECE  | hyderabad  | nani       |    95 | PDSD    |
| 7236482 | kavay   | BA   | vijayawada | vijay      |    97 | DBMS    |
+---------+---------+------+------------+------------+-------+---------+
4 rows in set (0.00 sec)

mysql> select repeat(name,2) from mentees;
+----------------+
| repeat(name,2) |
+----------------+
| hariniharini   |
| meghanameghana |
| harikaharika   |
| kavaykavay     |
+----------------+
4 rows in set (0.00 sec)

mysql> select repeat(dept,2) from mentees;
+----------------+
| repeat(dept,2) |
+----------------+
| BBABBA         |
| CSECSE         |
| ECEECE         |
| BABA           |
+----------------+
4 rows in set (0.00 sec)